protocol_name;node;pg;pm;pm_1;pn;decoherence;p_bell_success;pulse_duration;network_noise_type;no_single_qubit_error;basis_transformation_noise;cut_off_time;probabilistic;fixed_lde_attempts;written_to;avg_lde_attempts;avg_duration;ghz_fidelity;ghz_sem;ghz_lspread;ghz_rspread;dur_sem;dur_lspread;dur_rspread;stab_sem;stab_lspread;stab_rspread;99_duration;IIII
dyn_prot_4_14_1_swap;Natural Abundance;0.01;0.01;0.05;0.05;False;0.0001;0.0;1.0;True;False;3.4137494999999984;True;0.0;10825.0;241146.21431870668;3.413749499999995;0.8021463088345773;0.00010817213187612499;0.012074295640259747;0.011395608085673414;1.299264845987954e-17;1.3322676295501878e-15;-1.3322676295501878e-15;9.040957013376379e-05;0.010091758171944298;0.009492850011604381;3.413749499999999;0.7010022923447886
dyn_prot_4_14_1_swap;Natural Abundance;0.01;0.01;0.05;0.05;True;0.0001;0.0;1.0;True;False;17.92753619999999;True;0.0;10897.0;910927.3378911627;17.927536199999896;0.06933850836725691;0.00010772188141906674;0.006838372551780242;0.01099915760098892;0.0;0.0;0.0;4.6372433768230933e-08;2.3054077576091167e-07;-2.3053946393743197e-07;17.92753619999999;0.06250021697955366
dyn_prot_4_14_1_swap;Natural Abundance;0.01;0.01;0.05;0.05;True;0.0001;0.001;1.0;True;False;21.42550409999993;True;2000.0;10859.0;899094.8412376831;21.425504099999824;0.06935425865429941;0.00010776568310112473;0.006854125946082576;0.010873696656086104;3.5367530055661794e-17;3.552713678800501e-15;-3.552713678800501e-15;8.554206759111199e-08;2.3783633290195769e-07;-2.3783498127871727e-07;21.425504099999934;0.06250022384596038
dyn_prot_4_14_1_swap;Purified;0.01;0.01;None;0.05;False;0.0001;0.0;1.0;True;False;inf;True;0.0;9984.0;218719.80598958334;2.1989902801382217;0.8260051598212752;2.6043794776738354e-10;3.699131567724834e-08;3.662407987992111e-08;0.011012956080335812;0.804385680138221;0.924901319861779;2.0127343639400237e-10;2.85880499273361e-08;2.8303200005908025e-08;6.299402999999999;0.7195244227893539
dyn_prot_4_14_1_swap;Purified;0.01;0.01;0.05;0.05;False;0.0001;0.0;1.0;True;False;7.387286099999998;True;0.0;10864.0;241025.4891384389;7.387286099999987;0.8022380106366589;0.00010620447792963403;0.011636242751523862;0.010995141303469014;1.7749592345306014e-17;8.881784197001252e-16;2.6645352591003757e-15;8.8758420018377e-05;0.009689226563011744;0.009301395915993327;7.387286099999999;0.7010764709542011
dyn_prot_4_14_1_swap;Purified;0.01;0.01;0.05;0.05;True;0.0001;0.0;1.0;True;False;11.710940099999997;True;0.0;10900.0;328466.7857798165;11.710940099999874;0.5692996421699524;0.0007413989885082064;0.07856292952607369;0.07543852685223496;3.426374047249693e-18;0.0;0.0;0.0003693607495708916;0.04309737749163856;0.042110779322785244;11.710940099999998;0.13377069346746553
dyn_prot_4_14_1_swap;Purified;0.01;0.01;0.05;0.05;True;0.0001;0.013;1.0;True;False;15.935004100000004;True;2000.0;10854.0;331372.7106135987;15.935004099999851;0.5488854151782104;0.0007675480035619361;0.08018589389994701;0.07893087358763551;3.410242846692003e-17;3.552713678800501e-15;-3.552713678800501e-15;0.0002797209068072555;0.03244268801258606;0.031771207706537186;15.935004100000004;0.11804000908429746
dyn_prot_4_4_1_swap;Natural Abundance;0.0001;0.0001;None;0.05;True;0.01;0.001;1.0;True;False;inf;True;2000.0;4992.0;435.40564903846155;0.090593242628205;0.8719228808331928;0.0004990380743430754;0.033897787883105934;0.033732657154535994;0.00036346967891322647;0.015089142628205127;0.009910857371794882;0.001511202610818036;0.10756086429157696;0.10636926119442058;0.17550410000000002;0.6904985123501677
dyn_prot_4_4_1_swap;Natural Abundance;0.001;0.001;None;0.05;True;0.0001;0.0;1.0;True;False;1.5006586;True;0.0;974.0;78297.02566735113;1.5006586000000013;0.2842752460099216;0.0028667818337236193;0.04228492656392324;0.037840436147581535;7.118423224622433e-18;2.220446049250313e-16;-2.220446049250313e-16;6.112206373054611e-05;0.0007888778660350391;0.0007070713517773383;1.5006586;0.06324254863354031
dyn_prot_4_4_1_swap;Natural Abundance;0.001;0.001;None;0.05;True;0.0001;0.0;1.0;True;False;inf;True;0.0;1016.0;79767.64468503937;0.3693412946850395;0.2788612821706463;0.0024839481388820037;0.03687125542959979;0.03122071128177273;0.00890999488503329;0.2366830946850393;0.2353110053149607;0.00013787397529104234;0.0010470726285335616;0.0003666438421661006;1.4901327000000002;0.06348557575481117
dyn_prot_4_4_1_swap;Natural Abundance;0.001;0.001;None;0.05;True;0.0001;0.001;1.0;True;False;1.7505041000000015;True;2000.0;9869.0;75345.05704731989;1.7505041000000172;0.2796096138799827;0.0008173243683111904;0.038069407268849886;0.03237097059483823;6.705743075094592e-18;6.661338147750939e-16;6.661338147750939e-16;2.5157538971243812e-05;0.0007811943704144307;0.0005603741717660326;1.7505041000000015;0.06323528090202152
dyn_prot_4_4_1_swap;Natural Abundance;0.001;0.001;None;0.05;True;0.0001;0.001;1.0;True;False;inf;True;2000.0;9984.0;77976.17457932692;0.47533132355769286;0.2804367707577375;0.0008247750669967797;0.038805843423184605;0.03572354820571394;0.0035345716625462997;0.2748272235576924;0.30017277644230794;3.675820675888636e-05;0.0009717079604021281;0.0004684169144704023;1.7505041000000015;0.06341466874364339
dyn_prot_4_4_1_swap;Natural Abundance;0.001;0.001;None;0.05;True;0.01;0.001;1.0;True;False;inf;True;2000.0;4992.0;438.34915865384613;0.09159484519230761;0.8660300613726721;0.000499963949864348;0.034481399955564984;0.03384983144750264;0.0003741671231102327;0.016090745192307687;0.008909254807692321;0.001488236016892556;0.10530899752673639;0.10589247620865982;0.17550410000000002;0.676347687863219
dyn_prot_4_4_1_swap;Natural Abundance;0.01;0.01;None;0.05;True;0.0001;0.0;1.0;True;False;1.4760288000000001;True;0.0;973.0;74775.72661870504;1.4760288000000006;0.25945836646195;0.002341601515642571;0.03255829610243166;0.02441598605785622;2.3837676508628963e-18;0.0;0.0;7.134401842898044e-05;0.000670291383294548;0.0005657975870821431;1.4760288000000004;0.0631308681378114
dyn_prot_4_4_1_swap;Natural Abundance;0.01;0.01;None;0.05;True;0.0001;0.0;1.0;True;False;inf;True;0.0;984.0;79624.13821138212;0.36609052012195115;0.2588646927660947;0.0023208423457971674;0.03196464685496564;0.02244902237405333;0.00945476923733147;0.2351543201219512;0.24369187987804886;8.375536767840649e-05;0.000810194457069844;0.00037057894585003793;1.4760288000000001;0.06326257234205215
dyn_prot_4_4_1_swap;Natural Abundance;0.01;0.01;None;0.05;True;0.0001;0.001;1.0;True;False;1.8005041000000013;True;2000.0;9894.0;76558.7504548211;1.8005041000000095;0.25834916638984495;0.0007005004915648632;0.03192960732581074;0.025524748210847936;2.23242162576965e-18;2.220446049250313e-16;2.220446049250313e-16;2.761968582090371e-05;0.0008128758225945925;0.00048211153272481773;1.8005041000000013;0.06326515779560007
dyn_prot_4_4_1_swap;Natural Abundance;0.01;0.01;None;0.05;True;0.0001;0.001;1.0;True;False;inf;True;2000.0;9984.0;78924.02744391025;0.4795881344551285;0.25661403758064705;0.0006733402909363399;0.03011286068638863;0.0235722044742136;0.003569843948276054;0.2790840344551283;0.29591596554487193;2.485551376444447e-05;0.0007895111536703322;0.00046011699064134846;1.8005041000000013;0.0632431658314308
dyn_prot_4_4_1_swap;Natural Abundance;0.01;0.01;None;0.05;True;0.001;0.0;1.0;True;False;0.14082870000000003;True;0.0;979.0;6024.605720122574;0.14082870000000008;0.5600651240920593;0.004217715205696425;0.146248283159232;0.15016604641390285;8.875254411831447e-19;2.7755575615628914e-17;-2.7755575615628914e-17;0.0025568125539469615;0.0632961273781006;0.06890274208413504;0.14082870000000003;0.13102981873648792
dyn_prot_4_4_1_swap;Natural Abundance;0.01;0.01;None;0.05;True;0.001;0.0;1.0;True;False;inf;True;0.0;984.0;6414.643292682927;0.037259644715447154;0.5534140746130183;0.004096771644298124;0.1415272819566304;0.1368441769629497;0.0008237787266525366;0.02039544471544715;0.022124655284552854;0.002598996408741554;0.06161997359195936;0.0727448858859449;0.14082870000000003;0.12830923562180702
dyn_prot_4_4_1_swap;Natural Abundance;0.01;0.01;None;0.05;True;0.01;0.0;1.0;True;False;0.023970400000000003;True;0.0;977.0;496.0951893551689;0.02397040000000004;0.8039616645980118;0.0010880931549243906;0.03224995394656671;0.03227323810465754;0.0;0.0;0.0;0.0029341033090888174;0.1034013696953604;0.09191002775669888;0.023970400000000003;0.5471427036906514
dyn_prot_4_4_1_swap;Natural Abundance;0.01;0.01;None;0.05;True;0.01;0.0;1.0;True;False;inf;True;0.0;984.0;494.3333333333333;0.009785303556910572;0.8037123734624139;0.0011065706788584938;0.03545173535988266;0.0336113941142393;0.00011711628141391652;0.002297103556910568;0.003568996443089431;0.003056708567160366;0.09396683718533594;0.0970418429688692;0.023970400000000003;0.5493537099313514
dyn_prot_4_4_1_swap;Natural Abundance;0.01;0.01;None;0.05;True;0.01;0.001;1.0;True;False;inf;True;2000.0;4992.0;494.48637820512823;0.10074949262820501;0.8015479438089756;0.0004860816810578172;0.032981428870796914;0.032565579552851;0.0005272640707091579;0.02524539262820512;0.024754607371794884;0.001325674533040258;0.09526499852014564;0.09330868943488813;0.2505040999999999;0.5435075786386763
dyn_prot_4_4_1_swap;Natural Abundance;0.01;0.01;0.05;0.05;False;0.0001;0.0;1.0;True;False;0.7633244;True;0.0;10885.0;48802.24354616445;0.7633243999999927;0.8441774809996179;7.156105836942958e-05;0.004972108589105351;0.007424606094998287;1.1585015034031271e-18;1.1102230246251565e-16;-1.1102230246251565e-16;6.050869645424998e-05;0.004243135694933731;0.006191025832237518;0.7633244000000001;0.7353193211380448
dyn_prot_4_4_1_swap;Natural Abundance;0.01;0.01;0.05;0.05;True;0.0001;0.0;1.0;True;False;1.3760885999999999;True;0.0;10881.0;76016.54654903042;1.3760886000000025;0.24853940037487116;0.000638493863457175;0.038113246747203705;0.02482783181133233;2.221334160497109e-18;2.220446049250313e-16;2.220446049250313e-16;2.3600046683728593e-05;0.000702846295549224;0.0005749487387993772;1.3760886;0.06316153045626734
dyn_prot_4_4_1_swap;Natural Abundance;0.01;0.01;0.05;0.05;True;0.0001;0.001;1.0;True;False;1.700504100000001;True;2000.0;10845.0;75374.73084370678;1.7005040999999919;0.24895910996874981;0.0006642852470926606;0.038635840477416666;0.024880731701612008;1.0597832463177004e-18;0.0;0.0;3.0242010289747525e-05;0.0008467438459492408;0.0004901203836775196;1.7005041000000012;0.06329703996492583
dyn_prot_4_4_1_swap;Natural Abundance;0.05;0.05;None;0.05;True;0.0001;0.001;1.0;True;False;1.7505041000000021;True;2000.0;9894.0;77323.53214069133;1.7505041000000172;0.18834480234640524;0.00034054159432431283;0.014945096566998606;0.012173917853720073;6.9159440919582295e-18;6.661338147750939e-16;6.661338147750939e-16;1.911883616894595e-05;0.0006853407997041254;0.0005067624161019359;1.7505041000000023;0.06314508125323078
dyn_prot_4_4_1_swap;Natural Abundance;0.05;0.05;None;0.05;True;0.0001;0.001;1.0;True;False;inf;True;2000.0;9984.0;78889.98317307692;0.4800638956730776;0.1882951831998477;0.00033576206947564104;0.014904880780549412;0.01190198730534403;0.003553174104291116;0.2795597956730771;0.2954402043269234;1.8336377886355096e-05;0.000694145202705789;0.0005321593419988892;1.7505041000000021;0.06315336010697158
dyn_prot_4_4_1_swap;Purified;0.0001;0.0001;None;0.05;True;0.001;0.001;1.0;True;False;inf;True;2000.0;4992.0;4124.359375;0.10143058237179468;0.9224565998430728;3.672596006347323e-05;0.0027423569293913985;0.002364900083903998;0.00025607883857239633;0.0009264823717948789;-0.000926482371794865;0.00014718222522674664;0.009653630107035238;0.009547907223576457;0.17550410000000002;0.9011139238985207
dyn_prot_4_4_1_swap;Purified;0.0001;0.0001;None;0.05;True;0.01;0.001;1.0;True;False;inf;True;2000.0;4992.0;413.9715544871795;0.0877286592948717;0.925060877938717;2.9428716107193482e-05;0.003124231329157956;0.0016023509916041068;0.0002869050068184495;0.012224559294871803;0.012775440705128205;4.7992422890406176e-05;0.0031731789753678408;0.0027326349192184907;0.17550409999999997;0.9179566846706539
dyn_prot_4_4_1_swap;Purified;0.001;0.001;None;0.05;True;0.0001;0.013;1.0;True;False;1.6160040999999998;True;2000.0;977.0;44766.96008188331;1.6160040999999992;0.8816405303586703;0.0007393912785179374;0.01889411082136805;0.019760513967787996;7.262198587150464e-18;2.220446049250313e-16;-2.220446049250313e-16;0.002223144972364702;0.07533854856447253;0.06770883039025477;1.6160041;0.6413154914536104
dyn_prot_4_4_1_swap;Purified;0.001;0.001;None;0.05;True;0.0001;0.013;1.0;True;False;inf;True;2000.0;9984.0;44529.9046474359;0.6905371528846155;0.8809526109579064;0.00023869952181699777;0.02110957582476103;0.021068804007663977;0.0024358803675909218;0.18453305288461552;0.18546694711538458;0.0009079863944851839;0.09032985768938007;0.08732802265712869;1.6160040999999998;0.6983711717937819
dyn_prot_4_4_1_swap;Purified;0.001;0.001;None;0.05;True;0.001;0.001;1.0;True;False;inf;True;2000.0;4992.0;4209.069711538462;0.10235205673076904;0.9162898113119852;3.691132907702003e-05;0.0026955600493073772;0.0024133608962426667;0.00028542926773637514;0.0018479567307692207;-0.0018479567307692069;0.00014952593826751115;0.009531360526094157;0.00959488650975071;0.17550410000000005;0.8827298123611151
dyn_prot_4_4_1_swap;Purified;0.001;0.001;None;0.05;True;0.01;0.001;1.0;True;False;inf;True;2000.0;4992.0;415.96794871794873;0.08879536602564096;0.9190142443237911;2.9103462453562033e-05;0.0030980081358625844;0.0015612532015982783;0.00030486178952950684;0.013291266025641027;0.011708733974358981;4.777572259761136e-05;0.0031551725683925946;0.0027966518617852376;0.1755041;0.8995841580322338
dyn_prot_4_4_1_swap;Purified;0.001;0.001;0.001;0.05;True;0.0001;0.0;1.0;True;False;0.9725446520000003;True;0.0;960.0;40633.1625;0.9725446520000004;0.8894750446893679;0.0006734684121704564;0.017394645830293376;0.01742653647216086;1.075529138617681e-17;3.3306690738754696e-16;3.3306690738754696e-16;0.0021988533961104085;0.06701168660814738;0.06908579145855775;0.9725446520000003;0.6953142461177734
dyn_prot_4_4_1_swap;Purified;0.001;0.001;0.001;0.05;True;0.0001;0.0;1.0;True;False;inf;True;0.0;1000.0;43776.444;0.4987961296;0.8880846181395711;0.0006451424056427697;0.01812249788240894;0.01841131766521742;0.00457809129490365;0.11755192960000005;0.10857607039999995;0.002571929605411717;0.08041575386895272;0.07867030887522919;0.9739803000000002;0.7169547674512899
dyn_prot_4_4_1_swap;Purified;0.005;0.005;None;0.05;True;0.0001;0.013;1.0;True;False;1.7640041000000002;True;2000.0;9867.0;45775.22043174217;1.7640040999999957;0.8516363580753966;0.000248605435200486;0.021293708833571734;0.021424972212450655;4.4709484817995646e-18;4.440892098500626e-16;-4.440892098500626e-16;0.0006478094504831709;0.06749678846899793;0.06390400825178355;1.7640041000000002;0.5784845871360044
dyn_prot_4_4_1_swap;Purified;0.005;0.005;None;0.05;True;0.0001;0.013;1.0;True;False;inf;True;2000.0;9984.0;46992.5553886218;0.721274132051282;0.8512808739619958;0.00024356918003274607;0.021682449488183098;0.021432909027752967;0.002827529465672672;0.21527003205128203;0.22872996794871814;0.0008702610260256443;0.08581213490093065;0.08429093733089987;1.7640041000000002;0.6327211107333145
dyn_prot_4_4_1_swap;Purified;0.01;0.01;None;0.05;False;0.0001;0.0;1.0;True;False;inf;True;0.0;9984.0;47594.600761217946;0.5334940772435898;0.8559901312393061;1.5840441544910763e-05;0.002690978294877855;0.0009400383040736315;0.0019708848935677662;0.14719787724358968;0.15857822275641031;1.2276293159429833e-05;0.0020854979114981465;0.0007290370699374327;1.2854364;0.7446521555954174
dyn_prot_4_4_1_swap;Purified;0.01;0.01;None;0.05;True;0.0001;0.0;1.0;True;False;1.3450025000000003;True;0.0;976.0;47322.65266393442;1.3450024999999994;0.8201655481119634;0.00069391197470034;0.01942893365672993;0.019441750733842467;7.194419423296866e-18;2.220446049250313e-16;2.220446049250313e-16;0.0019349439971495005;0.061966702631574;0.06075886945976994;1.3450025000000003;0.5399990809672552
dyn_prot_4_4_1_swap;Purified;0.01;0.01;None;0.05;True;0.0001;0.0;1.0;True;False;inf;True;0.0;984.0;49473.07621951219;0.5494590652439024;0.8181427128224555;0.0007784878457716669;0.020013775081496266;0.020525127729710047;0.007165081251406943;0.15803286524390248;0.18290123475609754;0.0024958408554291802;0.07552077263925722;0.07624471072122552;1.3450025000000003;0.5742304103199912
dyn_prot_4_4_1_swap;Purified;0.01;0.01;None;0.05;True;0.0001;0.013;1.0;True;False;2.023004100000001;True;2000.0;9887.0;48925.93860625063;2.023004099999987;0.8124825638171748;0.0002538103610797735;0.022937642474665232;0.022388917578044287;0.0;0.0;0.0;0.0006012582372903211;0.06295701149286398;0.05900155090088266;2.023004100000001;0.5033167331894984
dyn_prot_4_4_1_swap;Purified;0.01;0.01;None;0.05;True;0.0001;0.013;1.0;True;False;inf;True;2000.0;9984.0;50149.415965544875;0.7617132346153845;0.8121996085531363;0.00026091802145947033;0.021940658301918936;0.0225890823783369;0.0033348673475821376;0.2557091346153847;0.29929086538461525;0.0008283300235455328;0.08273811195632508;0.07995145959295424;2.023004100000001;0.5596583631037172
dyn_prot_4_4_1_swap;Purified;0.01;0.01;None;0.05;True;0.001;0.0;1.0;True;False;0.7784604;True;0.0;971.0;4721.198764160659;0.7784603999999999;0.8483298764999205;8.61601816101198e-05;0.0025712199345410136;0.0026221406724671326;3.5647112987421155e-18;1.1102230246251565e-16;1.1102230246251565e-16;0.00026459291842889144;0.00806321973409485;0.007733650857363994;0.7784604;0.67772139872999
dyn_prot_4_4_1_swap;Purified;0.01;0.01;None;0.05;True;0.001;0.0;1.0;True;False;inf;True;0.0;984.0;4804.669715447155;0.3708617855691057;0.8484458819270162;8.861532385020619e-05;0.0026276971032488383;0.002653823017163992;0.0034460174393976238;0.053511585569105735;0.16074651443089427;0.0004519410834498776;0.013098657717376838;0.011810439387725302;0.7784604;0.7025777147880895
dyn_prot_4_4_1_swap;Purified;0.01;0.01;None;0.05;True;0.001;0.001;1.0;True;False;inf;True;2000.0;4992.0;4699.369190705128;0.11302914006410233;0.8503740067817904;3.5974760209531466e-05;0.0024816515256287364;0.0024015190269569553;0.0005287718870757297;0.012525040064102558;0.037474959935897445;0.00015543409513757564;0.010101917351155398;0.00954375445785538;0.25050410000000006;0.7193563507747522
dyn_prot_4_4_1_swap;Purified;0.01;0.01;None;0.05;True;0.01;0.0;1.0;True;False;0.7432344000000001;True;0.0;979.0;469.57609805924415;0.7432344;0.8513055207094349;4.824851779671642e-05;0.002480899981550766;0.0010534644446370534;7.100203529465157e-18;2.220446049250313e-16;-2.220446049250313e-16;3.847507899817857e-05;0.001258342031396853;0.001204091783324479;0.7432344000000001;0.6928759190729132
dyn_prot_4_4_1_swap;Purified;0.01;0.01;None;0.05;True;0.01;0.0;1.0;True;False;inf;True;0.0;984.0;485.5274390243902;0.35281769308943095;0.851344048188384;4.759489954043912e-05;0.0025181658390059924;0.0010058991106935977;0.003290684996543126;0.05089149308943086;0.16112060691056918;0.00023905052219130933;0.010713725174190336;0.0038540515164824374;0.7432344000000001;0.7173712739528694
dyn_prot_4_4_1_swap;Purified;0.01;0.01;None;0.05;True;0.01;0.001;1.0;True;False;inf;True;2000.0;4992.0;470.99679487179486;0.09643258557692296;0.8532006599458307;2.5160998353691187e-05;0.0025820790044296382;0.0013872400330837698;0.0004651342011633357;0.020928485576923075;0.004071514423076933;4.698395775058505e-05;0.0024235407208168525;0.0025770404568490335;0.22550409999999999;0.7342732000518667
dyn_prot_4_4_1_swap;Purified;0.01;0.01;0.05;0.05;False;0.0001;0.0;1.0;True;False;1.4535285000000002;True;0.0;10901.0;49043.16925052748;1.4535284999999911;0.8444494037507974;7.056196293164451e-05;0.005244031340284949;0.007152683343818689;2.346458641234146e-18;2.220446049250313e-16;-2.220446049250313e-16;5.9658517527577776e-05;0.004472546261037436;0.005961615266133813;1.4535285000000004;0.7355352369649658
dyn_prot_4_4_1_swap;Purified;0.01;0.01;0.05;0.05;True;0.0001;0.0;1.0;True;False;1.5374425;True;0.0;10870.0;51025.734682612696;1.5374424999999983;0.8048115763843606;0.0002455027919103531;0.022634999394058886;0.023423456849324453;4.259664816248962e-18;4.440892098500626e-16;-4.440892098500626e-16;0.0008863197469619672;0.06543410066449917;0.0753496255470873;1.5374425;0.5034456755337128
dyn_prot_4_4_1_swap;Purified;0.01;0.01;0.05;0.05;True;0.0001;0.013;1.0;True;False;2.1710041;True;2000.0;10860.0;51421.69290976059;2.171004100000004;0.7982548766546331;0.0002755337737800748;0.025125596007708584;0.025406605902877466;4.261625717156695e-18;4.440892098500626e-16;-4.440892098500626e-16;0.0005903111453657256;0.06424468242642434;0.060812429859703476;2.1710041;0.4863442201561132
expedient_swap;Natural Abundance;0.0001;0.0001;None;0.05;True;0.01;0.001;1.0;True;False;inf;True;2000.0;4992.0;4538.1129807692305;0.48643659198718026;0.646902124485627;0.0008741959540897146;0.061699346960758406;0.0628802083662855;0.004174969752801167;0.23593249198718014;0.2390675080128215;0.0010769269222735411;0.07820406341686031;0.08234880049482628;1.5505041000000053;0.15697074338752087
expedient_swap;Natural Abundance;0.001;0.001;None;0.05;True;0.01;0.001;1.0;True;False;inf;True;2000.0;4992.0;4810.060096153846;0.5146767762820521;0.6416073643157992;0.0008906547255320927;0.06427772658400788;0.06388355293613202;0.004703498214811603;0.264172676282052;0.28582732371794894;0.0010585399336948574;0.07621487661189512;0.08174419053978828;1.7505041000000037;0.15158651299248724
expedient_swap;Natural Abundance;0.01;0.01;None;0.05;True;0.01;0.001;1.0;True;False;inf;True;2000.0;4992.0;7027.986578525641;0.7576305022435912;0.573688972019055;0.0007934364007864109;0.05675136431111172;0.05635005728183917;0.007850356180073991;0.45712640224359113;0.49287359775641204;0.0007352889768592881;0.04633064732685309;0.053679793989038105;2.7505040999999997;0.11168765708831074
expedient_swap;Purified;0.0001;0.0001;None;0.05;True;0.001;0.001;1.0;True;False;inf;True;2000.0;4992.0;25615.11017628205;0.38750830673076964;0.9583293972827087;0.00010375851343212055;0.007055923031267675;0.007056702388185676;0.0014777921992579382;0.08700420673076925;0.06299579326923083;0.0005339412669316412;0.03150116963501748;0.03373174177254201;0.775504100000002;0.8371632085430367
expedient_swap;Purified;0.0001;0.0001;None;0.05;True;0.01;0.001;1.0;True;False;inf;True;2000.0;4992.0;2421.43609775641;0.26308923621794894;0.9813354884166168;5.130167661379292e-05;0.0034430867361342488;0.003552119755252714;0.0008072249732115337;0.0625851362179487;0.03741486378205133;0.00014633160444831988;0.009422675530597613;0.009597681563128568;0.4505041000000001;0.9463832889216974
expedient_swap;Purified;0.0001;0.01;0.05;0.05;False;0.0001;0.013;1.0;True;False;inf;True;2000.0;3000.0;339488.14;4.130807547800001;0.9943336654719087;2.7737747356187026e-05;0.0021620063424736546;0.002117202687717201;0.03764709642037692;1.5158034478000002;1.5921965521999963;2.5541272036047858e-05;0.0019901702405141775;0.0019495785540941668;12.223968199999993;0.957359859938374
expedient_swap;Purified;0.0005;0.01;0.05;0.05;False;0.0001;0.013;1.0;True;False;inf;True;2000.0;3000.0;342558.4463333333;4.194661124033333;0.9895561063815298;2.8894847883065704e-05;0.002143068276687865;0.0021526718052005123;0.036936191736473445;1.5598950240333314;1.6977470759666646;2.643032746164934e-05;0.001957528351091642;0.0019692692685655544;11.332160000000002;0.9485116855579174
expedient_swap;Purified;0.001;0.001;None;0.05;True;0.001;0.001;1.0;True;False;inf;True;2000.0;4992.0;26425.469951923078;0.4046056625000003;0.9488355192814509;0.0001053920087336451;0.00753766041569337;0.007177062678034307;0.001761592401652147;0.10410156250000008;0.09589843749999977;0.0005773259720076111;0.03405083102382078;0.0356139686971807;0.8755041000000019;0.814304437219206
expedient_swap;Purified;0.001;0.001;None;0.05;True;0.01;0.001;1.0;True;False;inf;True;2000.0;4992.0;2531.043469551282;0.27469780993589765;0.9718527616972436;5.2102178163752825e-05;0.003616540187590278;0.003633356380101427;0.0010136496828051875;0.04919370993589747;0.05080629006410259;0.0001638375314806044;0.009941649303438771;0.01047765563857328;0.5255041000000001;0.9230595887580305
expedient_swap;Purified;0.001;0.01;0.05;0.05;False;0.0001;0.013;1.0;True;False;inf;True;2000.0;3000.0;357719.12233333336;4.3642346557;0.9836205879170543;2.9793295074384137e-05;0.002120721938683734;0.0021781818004972253;0.041035698608533275;1.6882305556999992;1.826769444299999;2.7025552265380216e-05;0.001921388626064835;0.0019755866298653;12.9950219;0.9375963119334655
expedient_swap;Purified;0.005;0.01;0.05;0.05;False;0.0001;0.013;1.0;True;False;inf;True;2000.0;3000.0;407084.08;5.020657392766667;0.9373173075395148;4.303637883922793e-05;0.0024869361563638614;0.002511766685710848;0.049570759074310036;2.1825611927666655;2.511092607233328;3.6629563616866195e-05;0.0021109526353668695;0.0021234170508646066;14.816430299999995;0.8555862663915078
expedient_swap;Purified;0.01;0.01;None;0.05;False;0.0001;0.0;1.0;True;False;inf;True;0.0;9984.0;375819.55999599356;3.422509357562099;0.8926538072714385;8.17805003707294e-09;8.034738920859041e-07;8.309766653669115e-07;0.018107452313554068;1.409518257562099;1.5136052424379;6.353262923907238e-09;6.241929142447589e-07;6.455589313114629e-07;10.039861299999998;0.7728702466852253
expedient_swap;Purified;0.01;0.01;None;0.05;True;0.001;0.001;1.0;True;False;inf;True;2000.0;4992.0;40279.66346153846;0.6366068644230779;0.8530600842598002;;;;;;;;;;;0.6074566851514467
expedient_swap;Purified;0.01;0.01;None;0.05;True;0.01;0.001;1.0;True;False;inf;True;2000.0;4992.0;3805.99078525641;0.41175710480769284;0.8767984210148061;5.601105887754422e-05;0.0037534400824987824;0.003731577584229484;0.0029721623110002897;0.16125300480769256;0.16374699519230795;0.0002923939459210809;0.017877395467739143;0.017233049700035585;1.2005041000000034;0.7221552383857746
expedient_swap;Purified;0.01;0.01;0.05;0.05;False;0.0001;0.0;1.0;True;False;14.4065921;True;0.0;10877.0;464051.96239771997;14.40659210000007;0.8819357960609169;3.222232174213388e-05;0.0034806826506098565;0.003449577731098219;3.516175980494192e-17;3.552713678800501e-15;-3.552713678800501e-15;2.5372397034251142e-05;0.002728278718873267;0.002719753496742805;14.406592100000001;0.764944837291779
expedient_swap;Purified;0.01;0.01;0.05;0.05;True;0.0001;0.0;1.0;True;False;29.9682438;True;0.0;9858.0;819659.143741124;29.968243799999993;0.5994120248118155;0.0005587983437775087;0.0562822410363365;0.055510193470464264;3.963331959698032e-17;3.552713678800501e-15;3.552713678800501e-15;0.00015015042908912192;0.015021941223373685;0.017268340544621986;29.968243800000003;0.08016355129269855
expedient_swap;Purified;0.01;0.01;0.05;0.05;True;0.0001;0.0;1.0;True;False;inf;True;0.0;9984.0;847377.6626602564;7.987896993269228;0.5995228214321221;0.000566230702701127;0.05807877303111275;0.05631574180842269;0.062141472210277444;5.143747193269231;5.25607990673077;0.0006157048360882295;0.05287142243329275;0.06730256504834131;29.9682438;0.1165367622799807
expedient_swap;Purified;0.01;0.01;0.05;0.05;True;0.0001;0.013;1.0;True;False;42.094004100000014;True;2000.0;9891.0;828971.8083105853;42.094004099999786;0.5789727246751372;0.0005636202937066633;0.05706903742252056;0.05640533172795836;7.38739991533423e-17;7.105427357601002e-15;7.105427357601002e-15;0.00012632433727995766;0.012898461603346985;0.0144176686935501;42.09400410000002;0.07812434677534769
expedient_swap;Purified;0.01;0.01;0.05;0.05;True;0.0001;0.013;1.0;True;False;inf;True;2000.0;9984.0;861941.9391025641;11.071353358814102;0.5787714055844384;0.0005580329312409551;0.056565263674981714;0.05732411921488412;0.0868443578092595;7.161349258814104;7.342650741185889;0.0005589460543617583;0.04620235241400113;0.05876905759268009;42.094004100000014;0.10963890137530836
plain_swap;Natural Abundance;0.0001;0.0001;None;0.05;True;0.01;0.001;1.0;True;False;inf;True;2000.0;4992.0;302.20392628205127;0.06022966089743577;0.8735007259978292;0.0006900789693782104;0.046055862754455945;0.042500838634110916;0.00024964912411556717;0.009725560897435898;0.015274439102564104;0.001395435450483436;0.09957937375720693;0.09842768597899443;0.10050410000000001;0.7438107555245269
plain_swap;Natural Abundance;0.001;0.001;None;0.05;True;0.0001;0.001;1.0;True;False;0.5005041;True;2000.0;9852.0;29452.76705237515;0.5005041000000005;0.24288812401888532;0.001815013767186495;0.11999598417669302;0.15184592856946605;1.1185877792303555e-18;1.1102230246251565e-16;1.1102230246251565e-16;0.00015554606823221868;0.005117082910557837;0.0016693859415875187;0.5005041;0.06787335989989687
plain_swap;Natural Abundance;0.001;0.001;None;0.05;True;0.0001;0.001;1.0;True;False;inf;True;2000.0;9984.0;29707.82231570513;0.2058301216346157;0.24528033514369169;0.0018065228627017905;0.12238659410516824;0.1576955062704886;0.0009268328136057659;0.08032602163461539;0.0946739783653846;0.0001832329781016415;0.005586633338274204;0.0017701202642037284;0.5005041;0.06828909385744898
plain_swap;Natural Abundance;0.001;0.001;None;0.05;True;0.01;0.001;1.0;True;False;inf;True;2000.0;4992.0;302.47455929487177;0.05982901987179477;0.8675371143065286;0.0006779605388657927;0.042989681992237405;0.04175689015943751;0.00024818591629720824;0.009324919871794866;0.015675080128205135;0.0013606254468194392;0.09303792628408647;0.09518852998669125;0.10050410000000001;0.7317657907417289
plain_swap;Natural Abundance;0.01;0.01;None;0.05;True;0.0001;0.001;1.0;True;False;0.5005041;True;2000.0;9828.0;29295.360093610092;0.5005041000000003;0.2335885978973955;0.0016885799375662763;0.11388669475577687;0.1496525699836656;1.1199528822859393e-18;1.1102230246251565e-16;1.1102230246251565e-16;0.00015953680530103825;0.004966563292296917;0.0017715065827706312;0.5005041;0.06770570418209852
plain_swap;Natural Abundance;0.01;0.01;None;0.05;True;0.0001;0.001;1.0;True;False;inf;True;2000.0;9984.0;29790.45753205128;0.20681419615384647;0.23116034261288376;0.001650182357995347;0.11157545154049833;0.1435565169639258;0.000945706666142077;0.08131009615384618;0.0936899038461538;0.00013300561662385815;0.004795113182555125;0.002040237939236432;0.5005041;0.06754500690007634
plain_swap;Natural Abundance;0.01;0.01;None;0.05;True;0.01;0.001;1.0;True;False;inf;True;2000.0;4992.0;298.84415064102564;0.060429981410256316;0.8043269956306125;0.0006003674510357014;0.03921689820037744;0.03788159726782003;0.00024593163462625775;0.009925881410256417;0.015074118589743585;0.0010876900951586144;0.07763535425474355;0.07735512752107265;0.10050410000000001;0.6219126063918555
plain_swap;Natural Abundance;0.01;0.01;0.05;0.05;False;0.0001;0.0;1.0;True;False;0.45135420000000004;True;0.0;9898.0;29100.518892705597;0.45135419999999776;0.8192449068396569;0.00022533979927022137;0.031169832352225257;0.03197510860492314;5.579926123009124e-19;5.551115123125783e-17;5.551115123125783e-17;0.00019982145922075513;0.027585090648290067;0.028409007310062573;0.45135420000000004;0.742981114129045
plain_swap;Natural Abundance;0.01;0.01;0.05;0.05;False;0.0001;0.0;1.0;True;False;inf;True;0.0;9984.0;30144.095552884617;0.1555256681490385;0.8197336145399597;0.0002243266356577572;0.03165854005252777;0.031486400904620626;0.000918075702609678;0.08470946814903847;0.08682453185096153;0.00019893502195749723;0.028018417355967773;0.027975680602384867;0.45135420000000004;0.7433889510303889
plain_swap;Natural Abundance;0.01;0.01;0.05;0.05;True;0.0001;0.0;1.0;True;False;0.44326220000000005;True;0.0;10882.0;29354.273387244994;0.4432621999999992;0.2251092534278092;0.001567826483433195;0.10994670584565228;0.14004667846411145;1.064328826078192e-18;1.1102230246251565e-16;-1.1102230246251565e-16;0.0001366067992993747;0.0049943678894744685;0.0017026100751142345;0.44326220000000005;0.06775116061048714
plain_swap;Natural Abundance;0.01;0.01;0.05;0.05;True;0.0001;0.001;1.0;True;False;0.47550410000000004;True;2000.0;21648.0;28999.219558388766;0.4755040999999966;0.22450358723649702;0.0010877632194481045;0.1090430906100188;0.138150327432181;7.882817944137868e-19;1.1102230246251565e-16;-1.1102230246251565e-16;9.019977508043323e-05;0.00480118487848398;0.001969339886711812;0.4755041000000001;0.06749631089406857
plain_swap;Natural Abundance;0.05;0.05;None;0.05;True;0.0001;0.001;1.0;True;False;0.5005041000000001;True;2000.0;9864.0;29282.40014193025;0.5005041000000005;0.18609096376661044;0.0011563282587005446;0.07948620106053716;0.10182989069401865;2.2358141938974493e-18;2.220446049250313e-16;-2.220446049250313e-16;8.120499964902758e-05;0.003664655036844212;0.002164184823307158;0.5005041000000001;0.06641213555000934
plain_swap;Natural Abundance;0.05;0.05;None;0.05;True;0.0001;0.001;1.0;True;False;inf;True;2000.0;9984.0;30004.086638621793;0.2080812233974362;0.18454566139008033;0.0011510206025528893;0.07807386107963427;0.09839618806932077;0.0009481731209352248;0.08257712339743589;0.0924228766025641;7.700121689830718e-05;0.003588336183852814;0.0022601248532237595;0.5005041000000001;0.0663358810745317
plain_swap;Purified;0.0001;0.0001;None;0.05;True;0.001;0.001;1.0;True;False;inf;True;2000.0;4992.0;2983.3687900641025;0.07515353910256399;0.9213423020312419;5.794045877420535e-05;0.0031878893304468914;0.0034342463105803134;0.000150006341198831;0.0003505608974358754;0.00035056089743590313;0.0001427883232024215;0.008173738950155274;0.00864521341001323;0.10050410000000001;0.9074712235663137
plain_swap;Purified;0.0001;0.0001;None;0.05;True;0.01;0.001;1.0;True;False;inf;True;2000.0;4992.0;301.7463942307692;0.060044364423076806;0.9252931602575037;1.6964747866051282e-05;0.0013957412375456002;0.0012887592882734333;0.0002514270213666625;0.00954026442307692;0.015459735576923081;3.8497184285779454e-05;0.00241506561265159;0.004114589273572999;0.10050410000000001;0.9219046863805751
plain_swap;Purified;0.001;0.001;None;0.05;True;0.0001;0.013;1.0;True;False;0.9840441;True;2000.0;980.0;29939.20306122449;0.9840440999999995;0.8695882965534102;0.0013743969799195673;0.03862213020730376;0.03747851961927373;3.548288174951525e-18;1.1102230246251565e-16;-1.1102230246251565e-16;0.002448732007023097;0.07984151973912046;0.07292901319953948;0.9840441;0.6924087671195766
plain_swap;Purified;0.001;0.001;None;0.05;True;0.0001;0.013;1.0;True;False;inf;True;2000.0;1000.0;30114.585;0.49871509999999986;0.8695790747647438;0.0013578386119805661;0.03837439918489349;0.037116213978933055;0.004419054142972059;0.14071100000000003;0.11828900000000003;0.0029910878728046427;0.09058124257266453;0.0921231784344193;0.9870041;0.7260511778358525
plain_swap;Purified;0.001;0.001;None;0.05;True;0.001;0.001;1.0;True;False;inf;True;2000.0;4992.0;3040.882411858974;0.07545401987179479;0.9142460569870241;5.9130657142954694e-05;0.003303483658122497;0.0034591356111812743;0.00015371978522960223;5.0080128205134966e-05;5.008012820516272e-05;0.0001436103470820727;0.00867638672873905;0.008825023761958595;0.10050410000000001;0.8915366202971732
plain_swap;Purified;0.001;0.001;None;0.05;True;0.01;0.001;1.0;True;False;inf;True;2000.0;4992.0;301.90544871794873;0.06034484519230759;0.9182474838270129;1.6739102851799614e-05;0.0013793622081863521;0.0012662238164542483;0.00024564797549383847;0.009840745192307689;0.015159254807692313;3.736807199166892e-05;0.00231971209975923;0.004039349884923937;0.10050410000000001;0.9059869166685987
plain_swap;Purified;0.005;0.005;None;0.05;True;0.0001;0.013;1.0;True;False;1.0186761;True;2000.0;976.0;30344.662909836065;1.0186760999999995;0.8387836418833824;0.0013890655099587442;0.04046942797886954;0.03701932968398891;7.111118529805045e-18;2.220446049250313e-16;-2.220446049250313e-16;0.002350314077941711;0.07709221093793939;0.07128497722111804;1.0186761;0.6394871651337095
plain_swap;Purified;0.005;0.005;None;0.05;True;0.0001;0.013;1.0;True;False;inf;True;2000.0;1000.0;30387.526;0.4988260999999999;0.8404734894836545;0.0013029308308597585;0.04003914859275759;0.03627695326469138;0.004479754738656852;0.140822;0.11817800000000006;0.0027069699448787695;0.08427969432258176;0.08230949037462276;1.0240041;0.6743340450181685
plain_swap;Purified;0.01;0.01;None;0.05;True;0.0001;0.013;1.0;True;False;0.9106361000000002;True;2000.0;965.0;28673.638341968912;0.9106361000000001;0.8079876205082188;0.001160967885887121;0.03321643961225662;0.03146768444733705;3.810775226620188e-18;1.1102230246251565e-16;1.1102230246251565e-16;0.0019439000237364077;0.06320757087405326;0.060642195265017795;0.9106361000000003;0.5967480496491943
plain_swap;Purified;0.01;0.01;None;0.05;True;0.0001;0.013;1.0;True;False;inf;True;2000.0;1000.0;29609.502;0.4990851;0.8040844879037682;0.0012872147439224244;0.037509960661227915;0.035472026841139814;0.004408783938322995;0.141081;0.11791900000000005;0.002416115857795164;0.07680903641039927;0.07446217321991877;0.9130041000000002;0.616859955763412
plain_swap;Purified;0.01;0.01;None;0.05;True;0.001;0.001;1.0;True;False;inf;True;2000.0;9984.0;2967.1048677884614;0.0750909389423076;0.847089212427875;3.550927747557707e-05;0.002854888088047569;0.0028730770517180204;0.00010571687518034345;0.0004131610576922906;0.00041316105769231837;7.848856202807658e-05;0.006784825603018074;0.007002522837169289;0.10050410000000001;0.7523385007535841
plain_swap;Purified;0.01;0.01;None;0.05;True;0.01;0.001;1.0;True;False;inf;True;2000.0;4992.0;297.10076121794873;0.05975389967948708;0.8506576872678574;1.3193423219708386e-05;0.0010657373214500998;0.0009108532737622799;0.0002494031423290583;0.009249799679487185;0.015750200320512817;3.0085632430590936e-05;0.0017297148267703122;0.003315766704130252;0.10050410000000001;0.763920860624012
plain_swap;Purified;0.01;0.01;0.05;0.05;False;0.0001;0.0;1.0;True;False;0.6360502000000001;True;0.0;9881.0;29379.446412306446;0.6360501999999999;0.8192136825976571;0.00022429240322233517;0.031138608110225507;0.03200633284692289;2.233889841400754e-18;2.220446049250313e-16;2.220446049250313e-16;0.0001988918887276277;0.027556792212682923;0.028437305745669716;0.6360502000000001;0.742954480307297
plain_swap;Purified;0.01;0.01;0.05;0.05;False;0.0001;0.0;1.0;True;False;inf;True;0.0;9984.0;29918.26973157051;0.355996175360577;0.8199882727943539;0.00022343133798375257;0.031913198306922186;0.031231742650226213;0.000882202511130666;0.082097975360577;0.08365602463942307;0.0001981475749200491;0.028243804149216012;0.027750293809136628;0.6360502000000001;0.7436010797769754
plain_swap;Purified;0.01;0.01;0.05;0.05;True;0.0001;0.0;1.0;True;False;0.5588382000000001;True;0.0;10628.0;28408.589480617236;0.5588381999999972;0.7836736304692887;0.00035788626041451056;0.03531327007057938;0.03258025383118823;1.0769731834163294e-18;1.1102230246251565e-16;-1.1102230246251565e-16;0.000536274827316335;0.057645566679539684;0.0557604935455317;0.5588382000000001;0.607252101375037
plain_swap;Purified;0.01;0.01;0.05;0.05;True;0.0001;0.013;1.0;True;False;0.8390040999999999;True;2000.0;10660.0;28397.518574108817;0.8390041000000065;0.7779327914147806;0.0003860323147432619;0.037694328640326735;0.035295305503821206;2.1507106930624448e-18;2.220446049250313e-16;-2.220446049250313e-16;0.0009461556271388367;0.056820730299571076;0.07347051027357587;0.8390040999999999;0.5654971774333689
